{
  "prepare_queue": {
    "installed": [],
    "uninstalled": []
  },
  "config_munge": {
    "files": {}
  },
  "installed_plugins": {
    "cordova-plugin-whitelist": {
      "PACKAGE_NAME": "com.phonegap.helloworld"
    },
    "cordova-plugin-console": {
      "PACKAGE_NAME": "com.phonegap.helloworld"
    },
    "cordova-plugin-statusbar": {
      "PACKAGE_NAME": "com.phonegap.helloworld"
    }
  },
  "dependent_plugins": {},
  "modules": [
    {
      "file": "plugins/cordova-plugin-statusbar/www/statusbar.js",
      "id": "cordova-plugin-statusbar.statusbar",
      "pluginId": "cordova-plugin-statusbar",
      "clobbers": [
        "window.StatusBar"
      ]
    }
  ],
  "plugin_metadata": {
    "cordova-plugin-whitelist": "1.2.2",
    "cordova-plugin-console": "1.0.7",
    "cordova-plugin-statusbar": "1.0.1"
  }
}